S. No,chat_file,#user_utterance,#system_utterance,time_taken
ADD NUM,20230403_224332.txt,1,2,2.23600
ADD NUM,20230403_224357.txt,3,5,9.10800
ADD NUM,20230403_224618.txt,4,7,10.42100
ADD NUM,20230403_224638.txt,4,6,10.18300
ADD NUM,20230403_224704.txt,6,10,26.55200
ADD NUM,20230403_231608.txt,6,11,60.36400
